id,name,dna_sequence,rna_sequence,protein_sequence,dna_length,gc_content,at_content,start_codon_count,stop_codon_count,start_codon_positions,stop_codon_positions,orf_count,longest_orf_start,longest_orf_end,longest_orf_length,longest_orf_stop_codon
SEQ001,Example coding sequence,ATGGCCATTGTAATGGGCCGCTGAAAGGGTGCCCGATAG,AUGGCCAUUGUAAUGGGCCGCUGAAAGGGUGCCCGAUAG,MAIVMGR,39,56.41,43.59,2,2,"[0, 12]","[21, 36]",2,0,24,24,TGA
SEQ002,Short protein example,ATGAAATTTGGGCCCTAA,AUGAAAUUUGGGCCCUAA,MKFGP,18,38.89,61.11,1,1,[0],[15],1,0,18,18,TAA
SEQ003,High GC sequence,ATGGCGGCGGCCGCGTGA,AUGGCGGCGGCCGCGUGA,MAAAA,18,77.78,22.22,1,1,[0],[15],1,0,18,18,TGA
SEQ005,Low GC coding sequence,ATGAAATTTAAATTTGGGAAATAA,AUGAAAUUUAAAUUUGGGAAAUAA,MKFKFGK,24,16.67,83.33,1,1,[0],[21],1,0,24,24,TAA
SEQ006,Medium GC coding sequence,ATGACCGTTGACGCTGCTAAATAG,AUGACCGUUGACGCUGCUAAAUAG,MTVDAAK,24,45.83,54.17,1,1,[0],[21],1,0,24,24,TAG
SEQ007,Multiple start codon sequence,ATGCCCATGAAAGGGTTTCCCTGA,AUGCCCAUGAAAGGGUUUCCCUGA,MPMKGFP,24,50.0,50.0,2,1,"[0, 6]",[21],2,0,24,24,TGA
SEQ008,Early stop codon sequence,ATGAAATAAGGGCCCATGTTTTAG,AUGAAAUAAGGGCCCAUGUUUUAG,MK,24,37.5,62.5,2,2,"[0, 15]","[6, 21]",2,0,9,9,TAA
SEQ009,No stop codon sequence,ATGGCTGCTGCTAAACCCGGGTTT,AUGGCUGCUGCUAAACCCGGGUUU,MAAAKPGF,24,54.17,45.83,1,0,[0],[],0,,,0,
SEQ010,Longer coding sequence,ATGGACTTTGACGCTAAAGGTCCTGTTGACGAGTAA,AUGGACUUUGACGCUAAAGGUCCUGUUGACGAGUAA,MDFDAKGPVDE,36,44.44,55.56,1,1,[0],[33],1,0,36,36,TAA
SEQ011,Alanine rich sequence,ATGGCTGCCGCAGCGGCTGCGTGA,AUGGCUGCCGCAGCGGCUGCGUGA,MAAAAAA,24,70.83,29.17,1,1,[0],[21],1,0,24,24,TGA
SEQ012,Methionine rich sequence,ATGATGATGATGCCCGGGTAA,AUGAUGAUGAUGCCCGGGUAA,MMMMPG,21,47.62,52.38,4,1,"[0, 3, 6, 9]",[18],4,0,21,21,TAA
SEQ013,Balanced base sequence,ATGACGTACGTTAGCGATCGTAA,AUGACGUACGUUAGCGAUCGUAA,MTYVSDR,23,43.48,56.52,1,0,[0],[],0,,,0,
SEQ014,GC rich ORF sequence,ATGGCCGCGGCGCCGGGCGCGTGA,AUGGCCGCGGCGCCGGGCGCGUGA,MAAAPGA,24,83.33,16.67,1,1,[0],[21],1,0,24,24,TGA
